id,year,doi,publisher,decision,reason,area,raw
1,2026,10.1109/ACCESS.2026.3674740,IEEE,include,,Occupational,"Alsahreef MS, Alfahmi M, Alharbi E, Jones JM, Jaber M, Alomainy A. IoMT-Based Proactive Approach for Detecting Stress in Physicians to Reduce Medical Errors. IEEE Access 2026;14:45934–47. https://doi.org/10.1109/ACCESS.2026.3674740."
2,2025,10.1371/journal.pone.0336394,PLOS,exclude,E3,,Kim S. Multi-modal inflammatory risk modeling in post-PCI patients using behavioral and physiologic data. PLOS One 2025;20:e0336394. https://doi.org/10.1371/journal.pone.0336394.
3,2022,10.1371/journal.pone.0267749,PLOS,include,,Clinical,"Sadeghi M, McDonald AD, Sasangohar F. Posttraumatic stress disorder hyperarousal event detection using smartwatch physiological and activity data. PLOS ONE 2022;17:e0267749. https://doi.org/10.1371/journal.pone.0267749."
4,2024,10.3390/s24030947,MDPI,include,,Occupational,"Rescio G, Manni A, Ciccarelli M, Papetti A, Caroppo A, Leone A. A Deep Learning-Based Platform for Workers’ Stress Detection Using Minimally Intrusive Multisensory Devices. Sensors 2024;24:947. https://doi.org/10.3390/s24030947."
5,2023,10.3390/s23125502,MDPI,include,,Occupational,"Donati M, Olivelli M, Giovannini R, Fanucci L. ECG-Based Stress Detection and Productivity Factors Monitoring: The Real-Time Production Factory System. Sensors 2023;23:5502. https://doi.org/10.3390/s23125502."
6,2026,10.1016/j.ssci.2025.107041,Elsevier,exclude,E3,,"Morillo CA, Shi H, Suárez-Pérez J, Demichela M. Early detection of physical fatigue in industry using wearable sensors and contextual modeling. Saf Sci 2026;194:107041. https://doi.org/10.1016/j.ssci.2025.107041."
7,2025,10.1109/JIOT.2024.3462302,IEEE,include,,Driving,"Rafi H, Benezeth Y, Song FY, Reynaud P, Arnoux E, Demonceaux C. Tree-Based Personalized Clustered Federated Learning: A Driver Stress Monitoring Through Physiological Data Case Study. IEEE Internet Things J 2025;12:1688–98. https://doi.org/10.1109/JIOT.2024.3462302."
8,2025,10.1038/s41598-025-08582-2,Springer Nature,include,,Driving,"AlArnaout Z, Zaki C, Kotb Y, AlAkkoumi M, Mostafa N. Exploiting heart rate variability for driver drowsiness detection using wearable sensors and machine learning. Sci Rep 2025;15:24898. https://doi.org/10.1038/s41598-025-08582-2."
9,2024,10.1371/journal.pone.0304932,PLOS,exclude,E4,,"Dias SB, Jelinek HF, Hadjileontiadis LJ. Wearable neurofeedback acceptance model for students’ stress and anxiety management in academic settings. PLOS ONE 2024;19:e0304932. https://doi.org/10.1371/journal.pone.0304932."
10,2023,10.2196/39995,JMIR,include,,Daily life,"Tutunji R, Kogias N, Kapteijns B, Krentz M, Krause F, Vassena E, et al. Detecting Prolonged Stress in Real Life Using Wearable Biosensors and Ecological Momentary Assessments: Naturalistic Experimental Study. J Med Internet Res 2023;25:e39995. https://doi.org/10.2196/39995."
11,2021,10.3390/s21082873,MDPI,exclude,E1,,"Dalmeida KM, Masala GL. HRV Features as Viable Physiological Markers for Stress Detection Using Wearable Devices. Sensors 2021;21:2873. https://doi.org/10.3390/s21082873."
12,2023,10.3390/s23073565,MDPI,include,,Laboratory,"Campanella S, Altaleb A, Belli A, Pierleoni P, Palma L. A Method for Stress Detection Using Empatica E4 Bracelet and Machine-Learning Techniques. Sensors 2023;23:3565. https://doi.org/10.3390/s23073565."
13,2024,10.1109/JIOT.2024.3375299,IEEE,include,,Daily life,"Toshnazarov K, Lee U, Kim BH, Mishra V, Najarro LAC, Noh Y. SOSW : Stress Sensing With Off-the-Shelf Smartwatches in the Wild. IEEE Internet Things J 2024;11:21527–45. https://doi.org/10.1109/JIOT.2024.3375299."
14,2022,10.1109/JSEN.2022.3157795,IEEE,include,,Laboratory,"Mohammadi A, Fakharzadeh M, Baraeinejad B. An Integrated Human Stress Detection Sensor Using Supervised Algorithms. IEEE Sens J 2022;22:8216–23. https://doi.org/10.1109/JSEN.2022.3157795."
15,2023,10.1371/journal.pone.0281778,PLOS,exclude,E3,,"Fathian R, Phan S, Ho C, Rouhani H. Face touch monitoring using an instrumented wristband using dynamic time warping and k-nearest neighbours. PLOS ONE 2023;18:e0281778. https://doi.org/10.1371/journal.pone.0281778."
16,2024,10.1109/JBHI.2024.3412103,IEEE,include,,Laboratory,"Xu J, Song C, Yue Z, Ding S. Facial Video-Based Non-Contact Stress Recognition Utilizing Multi-Task Learning With Peak Attention. IEEE J Biomed Health Inform 2024;28:5335–46. https://doi.org/10.1109/JBHI.2024.3412103."
17,2023,10.1016/j.compind.2023.103905,Elsevier,include,,Occupational,"Rescio G, Manni A, Caroppo A, Ciccarelli M, Papetti A, Leone A. Ambient and wearable system for workers’ stress evaluation. Comput Ind 2023;148:103905. https://doi.org/10.1016/j.compind.2023.103905."
18,2022,10.1371/journal.pone.0274994,PLOS,exclude,E3,,"Bläsing D, Buder A, Reiser JE, Nisser M, Derlien S, Vollmer M. ECG performance in simultaneous recordings of five wearable devices using a new morphological noise-to-signal index and Smith-Waterman-based RR interval comparisons. PLOS ONE 2022;17:e0274994. https://doi.org/10.1371/journal.pone.0274994."
19,2025,10.1038/s41597-025-04845-9,Springer Nature,include,,Laboratory,"Hongn A, Bosch F, Prado LE, Ferrández JM, Bonomini MP. Wearable Physiological Signals under Acute Stress and Exercise Conditions. Sci Data 2025;12:520. https://doi.org/10.1038/s41597-025-04845-9."
20,2023,10.1371/journal.pone.0281818,PLOS,exclude,E3,,"Machino T, Aonuma K, Maruo K, Komatsu Y, Yamasaki H, Igarashi M, et al. Randomized crossover trial of 2-week Garment electrocardiogram with dry textile electrode to reveal instances of post-ablation recurrence of atrial fibrillation underdiagnosed during 24-hour Holter monitoring. PLOS ONE 2023;18:e0281818. https://doi.org/10.1371/journal.pone.0281818."
21,2025,10.1109/ACCESS.2025.3633760,IEEE,include,,Laboratory,"El Arwadi L, Abu Daher L. CardioMind: Deep Learning Framework for Stress Detection Using IoT Devices. IEEE Access 2025;13:197027–42. https://doi.org/10.1109/ACCESS.2025.3633760."
22,2024,10.3390/s24165085,MDPI,include,,Benchmark,"Moser MK, Ehrhart M, Resch B. An Explainable Deep Learning Approach for Stress Detection in Wearable Sensor Measurements. Sensors 2024;24:5085. https://doi.org/10.3390/s24165085."
24,2025,10.1109/JSEN.2025.3590380,IEEE,include,,Laboratory,"Subathra P, Malarvizhi S, Ferents Koni Jiavana K, Patil S. A Wearable Electronic Band for Stress Understanding Using Machine Learning. IEEE Sens J 2025;25:38639–48. https://doi.org/10.1109/JSEN.2025.3590380."
25,2024,10.1109/ACCESS.2024.3461588,IEEE,include,,Daily life,"Kumar S, Raj Chauhan A, Akhil, Kumar A, Yang G. Resp-BoostNet: Mental Stress Detection From Biomarkers Measurable by Smartwatches Using Boosting Neural Network Technique. IEEE Access 2024;12:149861–74. https://doi.org/10.1109/ACCESS.2024.3461588."
26,2024,10.1371/journal.pone.0296468,PLOS,include,,Occupational,"Awada M, Becerik Gerber B, Lucas GM, Roll SC. Stress appraisal in the workplace and its associations with productivity and mood: Insights from a multimodal machine learning analysis. PLOS ONE 2024;19:e0296468. https://doi.org/10.1371/journal.pone.0296468."
27,2026,10.1016/j.inhs.2025.100047,Elsevier,exclude,E4,,"Pandya A, Singhal N, Panchal P, Patel J, Patel L, Thesia V, et al. Evaluating current trends in stress and depression detection using artificial intelligence and machine learning. Intell Hosp 2026;2:100047. https://doi.org/10.1016/j.inhs.2025.100047."
28,2023,10.1109/JTEHM.2022.3228483,IEEE,include,,Clinical,"Whiston A, Igou ER, Fortune DG, Analog Devices Team, Semkovska M. Examining Stress and Residual Symptoms in Remitted and Partially Remitted Depression Using a Wearable Electrodermal Activity Device: A Pilot Study. IEEE J Transl Eng Health Med 2023;11:96–106. https://doi.org/10.1109/JTEHM.2022.3228483."
29,2025,10.1007/s10796-024-10550-6,Springer,include,,Laboratory,"De Marchi B, Agovi E, Aliverti A. Stress Level Assessment by a Multi-Parametric Wearable Platform: Relevance of Different Physiological Signals. Inf Syst Front 2025;27:113–37. https://doi.org/10.1007/s10796-024-10550-6."
30,2025,10.1109/TAFFC.2024.3503995,IEEE,include,,Education,"Fernandez J, Martínez R, Innocenti B, López B. Contribution of EEG Signals for Students’ Stress Detection. IEEE Trans Affect Comput 2025;16:1235–46. https://doi.org/10.1109/TAFFC.2024.3503995."
31,2025,10.1109/JBHI.2024.3519600,IEEE,include,,Laboratory,"Mai N-D, Chung W-Y. On-Chip Mental Stress Detection: Integrating a Wearable Behind-The-Ear EEG Device With Embedded Tiny Neural Network. IEEE J Biomed Health Inform 2025;29:1872–85. https://doi.org/10.1109/JBHI.2024.3519600."
32,2025,10.1007/s44397-025-00030-0,Springer,exclude,E3,,"Chen Y, Tian Y, Zhou H, Xu J, Sun Y, Zhao C, et al. Assessment and biomarker exploration of chronic pain using wearable EEG device. Discov Sens 2025;1:28. https://doi.org/10.1007/s44397-025-00030-0."
33,2024,10.2196/52171,JMIR,include,,Benchmark,"Li J, Washington P. A Comparison of Personalized and Generalized Approaches to Emotion Recognition Using Consumer Wearable Devices: Machine Learning Study. JMIR AI 2024;3:e52171. https://doi.org/10.2196/52171."
34,2026,10.1016/j.bspc.2026.109683,Elsevier,include,,Daily life,"Bello-Orgaz G, Menéndez HD, Quintana-Quiroga F, Díaz-Álvarez A. Smart devices and stress level detection: Balancing machine learning model complexity and device intrusiveness. Biomed Signal Process Control 2026;117:109683. https://doi.org/10.1016/j.bspc.2026.109683."
35,2023,10.1371/journal.pone.0285332,PLOS,include,,Daily life,"Presby DM, Jasinski SR, Capodilupo ER. Wearable derived cardiovascular responses to stressors in free-living conditions. PLOS ONE 2023;18:e0285332. https://doi.org/10.1371/journal.pone.0285332."
36,2024,10.1371/journal.pone.0305258,PLOS,exclude,E3,,"Moebus M, Holz C. Personalized interpretable prediction of perceived sleep quality: Models with meaningful cardiovascular and behavioral features. PLOS ONE 2024;19:e0305258. https://doi.org/10.1371/journal.pone.0305258."
37,2024,10.1371/journal.pone.0305864,PLOS,include,,Laboratory,"Kim H, Song S, Cho BH, Jang DP. Deep learning-based stress detection for daily life use using single-channel EEG and GSR in a virtual reality interview paradigm. PLOS ONE 2024;19:e0305864. https://doi.org/10.1371/journal.pone.0305864."
38,2026,10.1016/j.bios.2026.118461,Elsevier,include,,Laboratory,"Rahman FN, Bindra PS, Nawar A, Crane HT, Sanchez-Perez JA, Berkebile JA, et al. A wearable system enabling acute stress monitoring and closed-loop mitigation through transcutaneous median nerve stimulation. Biosens Bioelectron 2026;301:118461. https://doi.org/10.1016/j.bios.2026.118461."
39,2025,10.1038/s41746-025-02036-9,Springer Nature,exclude,E3,,"Fraser RA, Walker RJ, Campbell JA, Ekwunife O, Egede LE. Integration of artificial intelligence and wearable technology in the management of diabetes and prediabetes. Npj Digit Med 2025;8:687. https://doi.org/10.1038/s41746-025-02036-9."
40,2025,10.1016/j.dcan.2025.04.001,Elsevier,exclude,E4,,"Alam MdSB, Lameesa A, Sharmin S, Afrin S, Ahmed SF, Nikoo MR, et al. Role of deep learning in cognitive healthcare: Wearable signal analysis, algorithms, benefits and challenges. Digit Commun Netw 2025;11:642–70. https://doi.org/10.1016/j.dcan.2025.04.001."
41,2024,10.1109/TIM.2023.3342218,IEEE,include,,Laboratory,"Ribeiro G, Postolache O, Martín FF. A New Intelligent Approach for Automatic Stress Level Assessment Based on Multiple Physiological Parameters Monitoring. IEEE Trans Instrum Meas 2024;73:1–14. https://doi.org/10.1109/TIM.2023.3342218."
42,2023,10.1109/JSEN.2023.3247341,IEEE,include,,Aviation,"Li Y, Li K, Chen J, Wang S, Lu H, Wen D. Pilot Stress Detection Through Physiological Signals Using a Transformer-Based Deep Learning Model. IEEE Sens J 2023;23:11774–84. https://doi.org/10.1109/JSEN.2023.3247341."
43,2025,10.1109/JSEN.2024.3512595,IEEE,include,,Laboratory,"Barki H, Nkenyereye L, Chung W-Y. Detection and Classification of Mental Stress Using In-Ear Plethysmography and a Vision Transformer. IEEE Sens J 2025;25:4015–27. https://doi.org/10.1109/JSEN.2024.3512595."
44,2022,10.1109/JSEN.2022.3160006,IEEE,exclude,E3,,"Mu Y, Yang W, Cheng J, Lin L, Li L, Jin N, et al. Influence of the Geometric Parameters of Raised Islands on the Performance of Flexible Wearable Electronic Systems. IEEE Sens J 2022;22:7816–24. https://doi.org/10.1109/JSEN.2022.3160006."
45,2025,10.1109/LSENS.2025.3596610,IEEE,include,,Driving,"Pavan K, Singh A, Pawar DS, Ganapathy N. Multimodal Wearable-Based Automated Driver Inattention State Assessment Using Multidevices and Novel Cross-Modal Attention Framework. IEEE Sens Lett 2025;9:1–4. https://doi.org/10.1109/LSENS.2025.3596610."
46,2023,10.1109/JBHI.2023.3323014,IEEE,exclude,E3,,"Yaldiz CO, Buller MJ, Richardson KL, An S, Lin DJ, Satish A, et al. Early Prediction of Impending Exertional Heat Stroke With Wearable Multimodal Sensing and Anomaly Detection. IEEE J Biomed Health Inform 2023;27:5803–14. https://doi.org/10.1109/JBHI.2023.3323014."
47,2026,10.1109/JSEN.2025.3649586,IEEE,include,,Benchmark,"Ali MS, Motin MA, Bipro SS, Kabir S, Syfullah MK, Kumar DK. Detection of Mental Stress From Photoplethysmography for Under- Resourced Healthcare Systems. IEEE Sens J 2026;26:6293–301. https://doi.org/10.1109/JSEN.2025.3649586."
48,2023,10.1109/JSEN.2023.3304422,IEEE,include,,Daily life,"Moser MK, Resch B, Ehrhart M. An Individual-Oriented Algorithm for Stress Detection in Wearable Sensor Measurements. IEEE Sens J 2023;23:22845–56. https://doi.org/10.1109/JSEN.2023.3304422."
49,2026,10.1109/TAFFC.2025.3628467,IEEE,include,,Education,"Laiti J, Liu Y, Dunne PJ, Byrne E, Zhu T. Real-World Classification of Student Stress and Fatigue Using Wearable PPG Recordings. IEEE Trans Affect Comput 2026;17:587–601. https://doi.org/10.1109/TAFFC.2025.3628467."
50,2025,10.1109/LSP.2025.3607767,IEEE,include,,Benchmark,"Ali MS, Motin MA, Kabir S. ReTeNet: A Residual Encoder and Transformer Encoders Network for Stress Monitoring From Wearable Device. IEEE Signal Process Lett 2025;32:3635–9. https://doi.org/10.1109/LSP.2025.3607767."
51,2023,10.1109/JSEN.2022.3204586,IEEE,include,,Clinical,"Khan HA, Nguyen TN, Shafiq G, Mirza J, Javed MA. A Secure Wearable Framework for Stress Detection in Patients Affected by Communicable Diseases. IEEE Sens J 2023;23:981–8. https://doi.org/10.1109/JSEN.2022.3204586."
52,2023,10.1109/JBHI.2023.3239305,IEEE,include,,Benchmark,"Zhu L, Spachos P, Ng PC, Yu Y, Wang Y, Plataniotis K, et al. Stress Detection Through Wrist-Based Electrodermal Activity Monitoring and Machine Learning. IEEE J Biomed Health Inform 2023;27:2155–65. https://doi.org/10.1109/JBHI.2023.3239305."
53,2024,10.1109/ACCESS.2024.3463742,IEEE,include,,Benchmark,"Shikha S, Sethia D, Indu S. Optimization of Wearable Biosensor Data for Stress Classification Using Machine Learning and Explainable AI. IEEE Access 2024;12:169310–27. https://doi.org/10.1109/ACCESS.2024.3463742."
54,2022,10.1109/TBME.2021.3113593,IEEE,include,,Laboratory,"Momeni N, Valdes AA, Rodrigues J, Sandi C, Atienza D. CAFS: Cost-Aware Features Selection Method for Multimodal Stress Monitoring on Wearable Devices. IEEE Trans Biomed Eng 2022;69:1072–84. https://doi.org/10.1109/TBME.2021.3113593."
55,2026,10.1109/ACCESS.2025.3644400,IEEE,include,,Benchmark,"Ali MS, Bipro SS, Motin MA, Kabir S, Sharma M, Chowdhury MEH. TEANet: A Transpose-Enhanced Autoencoder Network for Stress Monitoring on Resource-Constrained Wearable Device. IEEE Access 2026;14:9560–71. https://doi.org/10.1109/ACCESS.2025.3644400."
56,2025,10.1109/LSENS.2025.3605112,IEEE,include,,Laboratory,"Anandan M, Palanisamy R. Wearable ECG Sensor-Based Cognitive Stress Detection During Physical Activity Using Multifractal Detrended Fluctuation Analysis. IEEE Sens Lett 2025;9:1–4. https://doi.org/10.1109/LSENS.2025.3605112."
57,2021,10.1109/ACCESS.2021.3097038,IEEE,exclude,E1,,"Aristizabal S, Byun K, Wood N, Mullan AF, Porter PM, Campanella C, et al. The Feasibility of Wearable and Self-Report Stress Detection Measures in a Semi-Controlled Lab Environment. IEEE Access 2021;9:102053–68. https://doi.org/10.1109/ACCESS.2021.3097038."
58,2023,10.1109/JIOT.2023.3265768,IEEE,include,,Benchmark,"Rashid N, Mortlock T, Faruque MAA. Stress Detection Using Context-Aware Sensor Fusion From Wearable Devices. IEEE Internet Things J 2023;10:14114–27. https://doi.org/10.1109/JIOT.2023.3265768."
59,2026,10.1371/journal.pone.0339288,PLOS,exclude,E4,,"Dell’Aversana G, Herold M, Simbula S, Ruina I, Pillan M, Miglioretti M. Wearable devices and ecological momentary assessment EMA in the workplace: A study protocol on work stress assessment. PLOS One 2026;21:e0339288. https://doi.org/10.1371/journal.pone.0339288."
60,2026,10.1371/journal.pone.0342064,PLOS,exclude,E3,,"Demirel BU, Akay GU, Streli P, Ozturkmen H, Holz C. Smartwatch-based detection of loss of pulse. PLOS One 2026;21:e0342064. https://doi.org/10.1371/journal.pone.0342064."
61,2024,10.1371/journal.pone.0310776,PLOS,include,,Occupational,"M. Khayyat M, Munshi RM, Alabduallah B, Lamoudan T, Ghith E, Kim T, et al. An improved biometric stress monitoring solution for working employees using heart rate variability data and Capsule Network model. PLOS ONE 2024;19:e0310776. https://doi.org/10.1371/journal.pone.0310776."
62,2022,10.1101/2022.03.03.22271859,medRxiv,exclude,E2,,"Lacey A, Whyte E, O’Keefe S, O’Connor S, Moran K. A qualitative examination of the factors affecting the adoption of injury focused wearable technologies in recreational runners 2022. https://doi.org/10.1101/2022.03.03.22271859."
63,2024,10.1371/journal.pone.0311753,PLOS,exclude,E3,,"Gupta A, Aljaidi M, Bansal S, Al Mamlook RE, Kumar V, Aljohani A, et al. Design analysis and performance enhancement of a 2-element MIMO skin-implantable antenna for IoT-based health monitoring devices. PLOS ONE 2024;19:e0311753. https://doi.org/10.1371/journal.pone.0311753."
64,2025,10.1371/journal.pone.0320866,PLOS,exclude,E4,,"Xue M, Yu B, Wu J, Sun X, Fang P, Yao C, et al. GlowGrow: Designing an ambient biofeedback system for pregnancy stress management. PLOS One 2025;20:e0320866. https://doi.org/10.1371/journal.pone.0320866."
65,2025,10.1371/journal.pone.0322413,PLOS,exclude,E4,,"Sumińska S, Rynkiewicz A. Mindfulness-based stress reduction training supplemented with physiological signals from smartwatch improves mindfulness and reduces stress, but not anxiety and depression. PLOS ONE 2025;20:e0322413. https://doi.org/10.1371/journal.pone.0322413."
66,2023,10.1371/journal.pone.0292012,PLOS,exclude,E3,,"Wang TY, Cui J, Fan Y. A wearable-based sports health monitoring system using CNN and LSTM with self-attentions. PLOS ONE 2023;18:e0292012. https://doi.org/10.1371/journal.pone.0292012."
67,2022,10.1371/journal.pone.0273541,PLOS,exclude,E3,,"Amami K, Yoshihisa A, Horikoshi Y, Yamada S, Nehashi T, Hijioka N, et al. Utility of a novel wearable electrode embedded in an undershirt for electrocardiogram monitoring and detection of arrhythmias. PLOS ONE 2022;17:e0273541. https://doi.org/10.1371/journal.pone.0273541."
68,2022,10.1371/journal.pdig.0000104,PLOS,exclude,E4,,"Canali S, Schiaffonati V, Aliverti A. Challenges and recommendations for wearable devices in digital health: Data quality, interoperability, health equity, fairness. PLOS Digit Health 2022;1:e0000104. https://doi.org/10.1371/journal.pdig.0000104."
69,2025,10.1371/journal.pone.0314154,PLOS,exclude,E3,,"Bulut MG, Unal S, Hammad M, Pławiak P. Deep CNN-based detection of cardiac rhythm disorders using PPG signals from wearable devices. PLOS ONE 2025;20:e0314154. https://doi.org/10.1371/journal.pone.0314154."
70,2022,10.3390/s22165969,MDPI,include,,Benchmark,"Ehrhart M, Resch B, Havas C, Niederseer D. A Conditional GAN for Generating Time Series Data for Stress Detection in Wearable Physiological Sensor Data. Sensors 2022;22:5969. https://doi.org/10.3390/s22165969."
71,2026,10.1038/s41598-026-36895-3,Springer Nature,exclude,E3,,"Sathish R, Muthukumar R, Kumaran KM, Murugan SP. Intelligent decision-making systems for early detection of alzheimer’s disease using wearable technologies and deep learning. Sci Rep 2026;16:6025. https://doi.org/10.1038/s41598-026-36895-3."
72,2023,10.3390/s23083984,MDPI,include,,Benchmark,"Almadhor A, Sampedro GA, Abisado M, Abbas S, Kim Y-J, Khan MA, et al. Wrist-Based Electrodermal Activity Monitoring for Stress Detection Using Federated Learning. Sensors 2023;23:3984. https://doi.org/10.3390/s23083984."
73,2024,10.3390/info15050274,MDPI,include,,Clinical,"Onim MSH, Thapliyal H, Rhodus EK. Utilizing Machine Learning for Context-Aware Digital Biomarker of Stress in Older Adults. Information 2024;15:274. https://doi.org/10.3390/info15050274."
74,2023,10.3390/s23136099,MDPI,include,,Education,"Chen Q, Lee BG. Deep Learning Models for Stress Analysis in University Students: A Sudoku-Based Study. Sensors 2023;23:6099. https://doi.org/10.3390/s23136099."
75,2024,10.3390/s24165373,MDPI,include,,Laboratory,"Abdul Kader L, Al-Shargie F, Tariq U, Al-Nashash H. One-Channel Wearable Mental Stress State Monitoring System. Sensors 2024;24:5373. https://doi.org/10.3390/s24165373."
76,2022,10.3390/bios12060427,MDPI,include,,Laboratory,"Bin Heyat MB, Akhtar F, Abbas SJ, Al-Sarem M, Alqarafi A, Stalin A, et al. Wearable Flexible Electronics Based Cardiac Electrode for Researcher Mental Stress Detection System Using Machine Learning Models on Single Lead Electrocardiogram Signal. Biosensors 2022;12:427. https://doi.org/10.3390/bios12060427."
77,2026,10.1038/s41467-026-69450-9,Springer Nature,exclude,E3,,"Bai C, Dong X, Liu Q, Zhao M, Yang K, Niu Y, et al. A self-powered hydrogel electronic skin with decoupled multimodal sensing for closed-loop human-machine interactions. Nat Commun 2026;17:2675. https://doi.org/10.1038/s41467-026-69450-9."
78,2023,10.1038/s41528-023-00272-1,Springer Nature,exclude,E3,,"Qiu Y, Zou Z, Zou Z, Setiawan NK, Dikshit KV, Whiting G, et al. Deep-learning-assisted printed liquid metal sensory system for wearable applications and boxing training. Npj Flex Electron 2023;7:37. https://doi.org/10.1038/s41528-023-00272-1."
79,2022,10.1186/s12911-022-02010-5,BMC,include,,Daily life,"Stojchevska M, Steenwinckel B, Van Der Donckt J, De Brouwer M, Goris A, De Turck F, et al. Assessing the added value of context during stress detection from wearable data. BMC Med Inform Decis Mak 2022;22:268. https://doi.org/10.1186/s12911-022-02010-5."
80,2026,10.1038/s41467-025-68055-y,Springer Nature,exclude,E3,,"Liu W, Shi X-L, He X, Zhu S, Li Z, Li C, et al. A waterproof and ultra-elastic thermoelectric foam for underwater human signal detection. Nat Commun 2026;17:1294. https://doi.org/10.1038/s41467-025-68055-y."
81,2025,10.21203/rs.3.rs-5469584/v1,Research Square,exclude,E2,,"Occhipinti L, Tang C, Gao S, Li C, Yi W, Jin Y, et al. Wearable intelligent throat enables natural speech in stroke patients with dysarthria 2025. https://doi.org/10.21203/rs.3.rs-5469584/v1."
82,2025,10.1038/s41598-025-08051-w,Springer Nature,exclude,E3,,"Anjum M, Ahmad W, Shahab S, Dutta AK, Elrashidi A, Yousef A, et al. Enhancing wearable sensor data analysis for patient health monitoring using allied data disparity technique and multi instance ensemble perceptron learning. Sci Rep 2025;15:29555. https://doi.org/10.1038/s41598-025-08051-w."
83,2025,10.1038/s41746-025-01555-9,Springer Nature,exclude,E3,,"Van Vliet M, Aalberts JJJ, Hamelinck C, Hauer AD, Hoftijzer D, Monnink SHJ, et al. Ambulatory atrial fibrillation detection and quantification by wristworn AI device compared to standard holter monitoring. Npj Digit Med 2025;8:177. https://doi.org/10.1038/s41746-025-01555-9."
84,2024,10.1186/s12916-024-03252-y,BMC,exclude,E3,,"Rykov YG, Patterson MD, Gangwar BA, Jabar SB, Leonardo J, Ng KP, et al. Predicting cognitive scores from wearable-based digital physiological features using machine learning: data from a clinical trial in mild cognitive impairment. BMC Med 2024;22:36. https://doi.org/10.1186/s12916-024-03252-y."
85,2025,10.1038/s41598-025-08569-z,Springer Nature,exclude,E3,,"Chen R, Miao F, Wang Y, Lu T, Qin C, Fang Y, et al. Diagnostic accuracy of wearable ECG and assessment of ventricular repolarization and its cardiovascular risks post cold stress. Sci Rep 2025;15:21827. https://doi.org/10.1038/s41598-025-08569-z."
86,2025,10.1016/j.compbiomed.2024.109522,Elsevier,include,,Laboratory,"Rahman S, Udhayakumar R, Kaplan D, McCarthy B, Dawood T, Mellor N, et al. Photoplethysmography as a noninvasive surrogate for microneurography in measuring stress-induced sympathetic nervous activation — A machine learning approach. Comput Biol Med 2025;185:109522. https://doi.org/10.1016/j.compbiomed.2024.109522."
87,2025,10.1007/s44163-025-00412-8,Springer,include,,Laboratory,"Modi N, Kumar Y, Mehta K, Chaplot N. Physiological signal-based mental stress detection using hybrid deep learning models. Discov Artif Intell 2025;5:166. https://doi.org/10.1007/s44163-025-00412-8."
88,2025,10.1016/j.smhl.2025.100582,Elsevier,exclude,E3,,"Pervez K, Izhar M, Ahmed A, Alturki N, Abdullah S. Smart implantable devices for cardiac health: A novel self-powered wireless ECG monitoring system using energy harvesting and machine learning-driven anomaly detection. Smart Health 2025;37:100582. https://doi.org/10.1016/j.smhl.2025.100582."
89,2026,10.1038/s41598-026-39904-7,Springer Nature,exclude,E3,,"Xiong Q, Gui L, Shu C. Support vector machine algorithm-based wearable device in sports rehabilitation training for people with disabilities. Sci Rep 2026;16:9317. https://doi.org/10.1038/s41598-026-39904-7."
90,2025,10.1016/j.neucom.2025.130911,Elsevier,exclude,E3,,"Ciortuz G, Hozhabr Pour H, Irshad MT, Nisar MA, Huang X, Fudickar S. Machine learning models for wearable-based human activity recognition: A comparative study. Neurocomputing 2025;650:130911. https://doi.org/10.1016/j.neucom.2025.130911."
91,2026,10.1016/j.bspc.2026.109934,Elsevier,include,,Benchmark,"Jui SJJ, Deo RC, Acharya R, Barua PD, Soar J, Devi A. Explainable stress detection system using hybrid CNN-Transformer and uncertainty quantification with copula GAN-based data. Biomed Signal Process Control 2026;120:109934. https://doi.org/10.1016/j.bspc.2026.109934."
92,2026,10.1038/s41378-025-01107-x,Springer Nature,exclude,E3,,"Lei H, Xie L, Qin X, Sun G, Huang P, Wang W, et al. Optimized stress transfer interfaces enabled wearable nano-electronics for fatigue driving monitoring. Microsyst Nanoeng 2026;12:94. https://doi.org/10.1038/s41378-025-01107-x."
93,2025,10.1038/s41528-025-00469-6,Springer Nature,exclude,E3,,"Chen X, Wang C, Wei W, Liu Y, Ge SS, Zhou L, et al. Flexible and sensitive pressure sensor with enhanced breathability for advanced wearable health monitoring. Npj Flex Electron 2025;9:101. https://doi.org/10.1038/s41528-025-00469-6."
94,2025,10.1038/s41467-025-57629-5,Springer Nature,exclude,E3,,"Liu T, Zhang M, Li Z, Dou H, Zhang W, Yang J, et al. Machine learning-assisted wearable sensing systems for speech recognition and interaction. Nat Commun 2025;16:2363. https://doi.org/10.1038/s41467-025-57629-5."
95,2025,10.1016/j.compbiomed.2025.110452,Elsevier,exclude,E3,,"Lee S, Park U, Yun S, Park G, Cho SP, Kim KM, et al. Patch-type wearable electrocardiography and impedance pneumography for sleep staging: A multi-modal deep learning approach. Comput Biol Med 2025;195:110452. https://doi.org/10.1016/j.compbiomed.2025.110452."
96,2026,10.1016/j.cmpb.2025.109087,Elsevier,exclude,E3,,"Dong C, Van Dijk JP, Aarts RM, Wang Y, Long X. Detection of nocturnal epileptic seizures using a wearable armband: A deep learning approach combining accelerometry and photoplethysmography signals. Comput Methods Programs Biomed 2026;273:109087. https://doi.org/10.1016/j.cmpb.2025.109087."
97,2024,10.1016/j.measen.2024.101086,Elsevier,exclude,E3,,Yang Y. Application of wearable devices based on artificial intelligence sensors in sports human health monitoring. Meas Sens 2024;33:101086. https://doi.org/10.1016/j.measen.2024.101086.
98,2024,10.1145/3649329.3663513,ACM,exclude,E2,,"Sen S, Datta A. Invited: Human-Inspired Distributed Wearable AI. Proc. 61st ACMIEEE Des. Autom. Conf., San Francisco CA USA: ACM; 2024, p. 1–4. https://doi.org/10.1145/3649329.3663513."
99,2025,10.1038/s41598-025-06918-6,Springer Nature,include,,Education,"Gedam S, Dutta S, Jha R. Analyzing mental stress in Indian students through advanced machine learning and wearable technologies. Sci Rep 2025;15:20610. https://doi.org/10.1038/s41598-025-06918-6."
100,2023,10.2196/48340,JMIR,exclude,E3,,"Shi B, Dhaliwal SS, Soo M, Chan C, Wong J, Lam NWC, et al. Assessing Elevated Blood Glucose Levels Through Blood Glucose Evaluation and Monitoring Using Machine Learning and Wearable Photoplethysmography Sensors: Algorithm Development and Validation. JMIR AI 2023;2:e48340. https://doi.org/10.2196/48340."
101,2023,10.1016/j.jbi.2023.104556,Elsevier,include,,Benchmark,"Vos G, Trinh K, Sarnyai Z, Rahimi Azghadi M. Ensemble machine learning model trained on a new synthesized dataset generalizes well for stress prediction using wearable devices. J Biomed Inform 2023;148:104556. https://doi.org/10.1016/j.jbi.2023.104556."
102,2024,10.1371/journal.pdig.0000473,PLOS,include,,Education,"Bloomfield LSP, Fudolig MI, Kim J, Llorin J, Lovato JL, McGinnis EW, et al. Predicting stress in first-year college students using sleep data from wearable devices. PLOS Digit Health 2024;3:e0000473. https://doi.org/10.1371/journal.pdig.0000473."
103,2024,10.2196/55094,JMIR,exclude,E3,,"Corponi F, Li BM, Anmella G, Valenzuela-Pascual C, Mas A, Pacchiarotti I, et al. Wearable Data From Subjects Playing Super Mario, Taking University Exams, or Performing Physical Exercise Help Detect Acute Mood Disorder Episodes via Self-Supervised Learning: Prospective, Exploratory, Observational Study. JMIR MHealth UHealth 2024;12:e55094. https://doi.org/10.2196/55094."
104,2024,10.1016/j.measen.2024.101238,Elsevier,exclude,E3,,"Deepak G, Sharma P, Jayachitra S, Chepur J, Srihari T, Judgi T. Privacy-preserving deep learning approaches for effective utilization of wearable health data. Meas Sens 2024;33:101238. https://doi.org/10.1016/j.measen.2024.101238."
105,2026,10.1016/j.artmed.2025.103336,Elsevier,include,,Daily life,"Gabrielli D, Prenkaj B, Velardi P. Seamless monitoring of stress levels leveraging a foundational model for time sequences. Artif Intell Med 2026;173:103336. https://doi.org/10.1016/j.artmed.2025.103336."
106,2024,10.1016/j.inffus.2023.102124,Elsevier,exclude,E3,,"Ghosh AK, Catelli DS, Wilson S, Nowlan NC, Vaidyanathan R. Multi-modal detection of fetal movements using a wearable monitor. Inf Fusion 2024;103:102124. https://doi.org/10.1016/j.inffus.2023.102124."
107,2024,10.2196/52248,JMIR,exclude,E4,,"Adam E, Meiland F, Frielink N, Meinders E, Smits R, Embregts P, et al. User Requirements and Perceptions of a Sensor System for Early Stress Detection in People With Dementia and People With Intellectual Disability: Qualitative Study. JMIR Form Res 2024;8:e52248. https://doi.org/10.2196/52248."
108,2026,10.1038/s41467-025-67747-9,Springer Nature,include,,Laboratory,"Pei X, Ghandehari A, Chakoma S, Rajendran J, Tavares-Negrete JA, Esfandyarpour R. A quantitative, multimodal wearable bioelectronic device for comprehensive stress assessment and sub-classification. Nat Commun 2026;17:1150. https://doi.org/10.1038/s41467-025-67747-9."
109,2025,10.1016/j.iswa.2025.200560,Elsevier,include,,Daily life,"Kim W, Kutsuzawa G, Maruyama M. Emotion recognition and forecasting from wearable data via cluster-guided attention with cross-species pretraining. Intell Syst Appl 2025;27:200560. https://doi.org/10.1016/j.iswa.2025.200560."
110,2026,10.2196/75836,JMIR,exclude,E4,,"Peeters MWH, Mannheim I, Van Westrienen PE, Van Dijk L, Elia A, Valterova K, et al. Using a Transdisciplinary Approach in Learning Communities for Designing Wearable Stress Management for Vulnerable Populations: Development and Usability Study. JMIR Form Res 2026;10:e75836–e75836. https://doi.org/10.2196/75836."
111,2023,10.2196/47366,JMIR,exclude,E3,,"Liu J-H, Shih C-Y, Huang H-L, Peng J-K, Cheng S-Y, Tsai J-S, et al. Evaluating the Potential of Machine Learning and Wearable Devices in End-of-Life Care in Predicting 7-Day Death Events Among Patients With Terminal Cancer: Cohort Study. J Med Internet Res 2023;25:e47366. https://doi.org/10.2196/47366."
112,2025,10.1016/j.cej.2025.162180,Elsevier,exclude,E3,,"Nara K, Hirayama A, Miura Y, Takabe Y, Sasaki R, Ozawa K, et al. A wearable AI sensing system for non-invasive and experimental characterization of biological tissue hardness. Chem Eng J 2025;511:162180. https://doi.org/10.1016/j.cej.2025.162180."
113,2025,10.1039/D5SD00085H,RSC,exclude,E3,,"Kretli Zanetti J, Stefoni MC, Ferraz C, Ryan A, Israel A, Williams RM. A near-infrared fluorescent aptananosensor enables selective detection of the stress hormone cortisol in artificial cerebrospinal fluid. Sens Diagn 2025;4:1103–13. https://doi.org/10.1039/D5SD00085H."
114,2024,10.1016/j.biosx.2024.100476,Elsevier,exclude,E3,,"Bruno MG, Patella B, Ferraro M, Di Vincenzo S, Pinto P, Torino C, et al. Wearable sensor for real-time monitoring of oxidative stress in simulated exhaled breath. Biosens Bioelectron X 2024;18:100476. https://doi.org/10.1016/j.biosx.2024.100476."
115,2025,10.1109/ACCESS.2025.3643644,IEEE,include,,Clinical,"Cajal D, De La Cámara C, Posadas-De Miguel M, Torrijos N, Nadal Ó, Blanco T, et al. Evaluation of Stress Response Using Smartphone PPG for Anxiety and Depression Monitoring. IEEE Access 2025;13:212689–703. https://doi.org/10.1109/ACCESS.2025.3643644."
116,2025,10.1016/j.array.2025.100532,Elsevier,exclude,E3,,"Jain A, Bhullar S. AI-driven wearable health devices with health-aware control and secure Prognostics: Experimental and Simulation-Based Validation. Array 2025;28:100532. https://doi.org/10.1016/j.array.2025.100532."
117,2026,10.1371/journal.pone.0341744,PLOS,exclude,E4,,"Membership of GITES, Alarcos B, Díaz-Pulido B, Fernández O, Fernández-Guinea S, García Herraiz A, et al. Detection of balance in the elderly under the influence of stress (DEPIE): A cross-sectional study protocol. PLOS One 2026;21:e0341744. https://doi.org/10.1371/journal.pone.0341744."
